name;ul_x;ul_y;ll_x;ll_y;lr_x;lr_y;ur_x;ur_y
columnsep;558;0;234;3079;1628;3079;1605;0
header;30;164;30;203;1655;203;1655;164
A;886;54;886;60;886;60;886;54
A;1126;94;1126;96;1129;96;1129;94
A;835;161;835;162;837;162;837;161
A;828;164;828;164;828;164;828;164
A;1093;218;1093;218;1093;218;1093;218
B;1581;224;1581;251;1603;251;1603;224
A;684;224;684;228;687;228;687;224
A;804;224;804;248;809;248;809;224
B;1076;224;1076;249;1094;249;1094;224
B;1010;225;1010;250;1026;250;1026;225
B;694;232;694;247;707;247;707;232
B;1100;233;1100;250;1113;250;1113;233
B;1179;233;1179;249;1192;249;1192;233
C;1057;260;1057;285;1075;285;1075;260
B;899;261;899;285;913;285;913;261
B;1080;262;1080;285;1093;285;1093;262
C;612;266;612;284;627;284;627;266
B;691;267;691;284;704;284;704;267
B;919;268;919;284;932;284;932;268
B;983;268;983;284;996;284;996;268
B;1173;268;1173;285;1188;285;1188;268
D;1223;268;1223;285;1235;285;1235;268
B;1283;268;1283;285;1297;285;1297;268
C;1316;268;1316;286;1329;286;1329;268
B;1483;268;1483;288;1496;288;1496;268
B;1523;268;1523;285;1534;285;1534;268
A;1275;269;1275;283;1278;283;1278;269
D;1334;269;1334;285;1346;285;1346;269
B;1464;269;1464;285;1477;285;1477;269
B;1539;269;1539;284;1552;284;1552;269
C;589;300;589;319;602;319;602;300
B;607;302;607;317;620;317;620;302
B;637;302;637;318;651;318;651;302
C;1220;302;1220;320;1234;320;1234;302
A;1326;302;1326;355;1372;355;1372;302
A;1105;329;1105;354;1110;354;1110;329
A;1288;329;1288;354;1292;354;1292;329
A;679;337;679;352;683;352;683;337
A;688;337;688;352;692;352;692;337
C;869;337;869;354;882;354;882;337
C;1178;337;1178;355;1191;355;1191;337
B;1513;338;1513;362;1527;362;1527;338
B;1553;338;1553;355;1564;355;1564;338
B;1596;338;1596;354;1608;354;1608;338
B;1215;339;1215;362;1229;362;1229;339
A;1401;349;1401;355;1406;355;1406;349
A;1298;350;1298;355;1303;355;1303;350
B;796;362;796;388;803;388;803;362
B;582;363;582;387;596;387;596;363
A;1419;365;1419;389;1423;389;1423;365
D;1486;372;1486;389;1500;389;1500;372
C;1587;373;1587;391;1600;391;1600;373
A;703;381;703;387;706;387;706;381
A;809;383;809;387;813;387;813;383
C;1403;398;1403;425;1422;425;1422;398
A;1175;399;1175;424;1180;424;1180;399
B;1186;399;1186;424;1193;424;1193;399
B;1427;399;1427;423;1440;423;1440;399
A;736;403;736;423;742;423;742;403
A;1594;404;1594;424;1599;424;1599;404
C;824;405;824;423;838;423;838;405
B;698;406;698;422;711;422;711;406
B;716;406;716;423;730;423;730;406
D;1020;406;1020;424;1034;424;1034;406
C;1057;406;1057;425;1070;425;1070;406
B;1310;406;1310;424;1322;424;1322;406
A;688;407;688;423;693;423;693;407
B;1039;407;1039;423;1052;423;1052;407
B;1254;408;1254;424;1267;424;1267;408
A;1385;408;1385;424;1389;424;1389;408
A;1549;408;1549;423;1553;423;1553;408
B;751;433;751;458;765;458;765;433
B;1558;434;1558;457;1571;457;1571;434
A;1461;439;1461;457;1465;457;1465;439
A;1491;439;1491;458;1496;458;1496;439
A;1522;439;1522;457;1526;457;1526;439
B;770;440;770;457;784;457;784;440
B;818;440;818;457;830;457;830;440
B;721;441;721;457;734;457;734;441
B;836;441;836;458;850;458;850;441
B;855;441;855;457;867;457;867;441
D;1289;441;1289;458;1303;458;1303;441
B;997;442;997;458;1010;458;1010;442
B;1308;442;1308;459;1321;459;1321;442
B;1431;442;1431;458;1444;458;1444;442
D;1472;442;1472;458;1484;458;1484;442
A;1549;442;1549;458;1552;458;1552;442
A;519;466;519;492;541;492;541;466
A;546;467;546;492;565;492;565;467
B;596;467;596;492;604;492;604;467
A;995;467;995;493;1016;493;1016;467
A;1083;468;1083;493;1089;493;1089;468
C;1370;475;1370;493;1383;493;1383;475
B;1467;476;1467;493;1480;493;1480;476
C;1253;477;1253;494;1265;494;1265;477
B;1303;477;1303;493;1315;493;1315;477
A;610;487;610;493;615;493;615;487
D;697;501;697;527;742;527;742;501
B;747;502;747;527;755;527;755;502
A;761;502;761;526;767;526;767;502
A;772;502;772;526;777;526;777;502
B;1068;503;1068;528;1083;528;1083;503
B;1408;503;1408;528;1422;528;1422;503
A;1155;504;1155;527;1159;527;1159;504
B;515;509;515;534;530;534;530;509
B;1473;509;1473;527;1489;527;1489;509
B;1503;510;1503;527;1517;527;1517;510
C;1542;510;1542;528;1554;528;1554;510
A;784;522;784;527;789;527;789;522
A;747;536;747;562;768;562;768;536
A;773;537;773;562;793;562;793;537
C;882;537;882;563;900;563;900;537
A;824;538;824;562;829;562;829;538
B;905;538;905;562;919;562;919;538
C;699;544;699;562;714;562;714;544
D;1555;544;1555;560;1568;560;1568;544
B;1382;545;1382;563;1393;563;1393;545
D;1261;546;1261;563;1275;563;1275;546
B;1398;546;1398;562;1410;562;1410;546
A;1546;546;1546;561;1550;561;1550;546
A;860;557;860;563;865;563;865;557
A;586;571;586;596;591;596;591;571
A;795;572;795;596;800;596;800;572
B;969;579;969;597;981;597;981;579
C;636;580;636;597;649;597;649;580
B;737;580;737;596;750;596;750;580
B;938;580;938;597;952;597;952;580
A;1459;580;1459;596;1463;596;1463;580
B;1387;581;1387;596;1400;596;1400;581
A;664;601;664;604;665;604;665;601
A;496;605;496;630;503;630;503;605
B;508;605;508;630;514;630;514;605
A;1289;606;1289;633;1311;633;1311;606
B;1415;606;1415;631;1423;631;1423;606
A;585;607;585;610;588;610;588;607
B;1390;607;1390;632;1398;632;1398;607
A;1593;607;1593;610;1596;610;1596;607
A;881;608;881;610;883;610;883;608
A;987;608;987;632;991;632;991;608
A;1464;608;1464;631;1483;631;1483;608
A;869;613;869;631;874;631;874;613
D;814;614;814;631;828;631;828;614
D;933;614;933;632;947;632;947;614
D;1520;614;1520;638;1534;638;1534;614
A;586;615;586;630;590;630;590;615
B;850;615;850;631;862;631;862;615
D;889;615;889;631;904;631;904;615
B;1024;615;1024;632;1039;632;1039;615
A;1593;615;1593;631;1597;631;1597;615
A;795;616;795;631;800;631;800;616
B;1087;616;1087;633;1101;633;1101;616
C;1248;616;1248;634;1261;634;1261;616
A;1429;626;1429;631;1434;631;1434;626
B;486;640;486;665;500;665;500;640
A;1455;641;1455;667;1461;667;1461;641
B;1228;643;1228;669;1248;669;1248;643
D;1198;644;1198;669;1212;669;1212;644
B;505;649;505;665;519;665;519;649
B;570;649;570;666;584;666;584;649
A;1493;649;1493;666;1497;666;1497;649
C;1511;649;1511;666;1524;666;1524;649
B;1579;649;1579;665;1591;665;1591;649
B;1001;650;1001;667;1013;667;1013;650
A;1502;650;1502;665;1506;665;1506;650
B;1180;651;1180;667;1192;667;1192;651
A;775;661;775;667;780;667;780;661
A;708;676;708;700;712;700;712;676
A;834;677;834;701;839;701;839;677
A;962;677;962;678;964;678;964;677
B;1131;677;1131;702;1149;702;1149;677
B;689;684;689;701;703;701;703;684
A;718;685;718;700;722;700;722;685
B;800;685;800;701;814;701;814;685
A;962;685;962;700;966;700;966;685
B;1175;685;1175;703;1187;703;1187;685
A;1110;697;1110;702;1114;702;1114;697
B;788;709;788;736;810;736;810;709
A;1000;712;1000;736;1005;736;1005;712
B;1549;717;1549;735;1561;735;1561;717
D;620;718;620;734;634;734;634;718
B;667;719;667;736;681;736;681;719
B;816;719;816;735;828;735;828;719
B;891;719;891;737;902;737;902;719
B;1440;719;1440;738;1452;738;1452;719
B;1469;719;1469;736;1481;736;1481;719
B;1486;719;1486;735;1500;735;1500;719
B;1567;719;1567;735;1580;735;1580;719
B;1421;720;1421;736;1435;736;1435;720
A;1058;722;1058;733;1062;733;1062;722
A;482;730;482;735;488;735;488;730
A;907;731;907;739;915;739;915;731
A;1011;732;1011;737;1017;737;1017;732
A;557;742;557;742;559;742;559;742
A;996;747;996;771;1013;771;1013;747
C;1574;752;1574;770;1586;770;1586;752
B;518;753;518;770;531;770;531;753
B;536;753;536;770;550;770;550;753
B;930;753;930;772;942;772;942;753
C;954;753;954;771;968;771;968;753
B;1591;753;1591;770;1605;770;1605;753
B;912;754;912;771;925;771;925;754
D;1137;754;1137;772;1149;772;1149;754
D;1155;755;1155;772;1169;772;1169;755
A;1119;756;1119;771;1123;771;1123;756
A;1128;756;1128;771;1132;771;1132;756
A;680;765;680;770;685;770;685;765
A;717;780;717;805;736;805;736;780
B;1547;780;1547;805;1561;805;1561;780
A;812;781;812;806;830;806;830;781
C;1422;781;1422;807;1441;807;1441;781
B;1446;782;1446;806;1459;806;1459;782
D;837;788;837;806;851;806;851;788
B;1111;789;1111;807;1125;807;1125;789
B;1132;789;1132;808;1143;808;1143;789
B;1258;789;1258;806;1271;806;1271;789
D;1239;790;1239;807;1253;807;1253;790
B;1276;790;1276;807;1289;807;1289;790
C;850;821;850;841;862;841;862;821
B;1554;822;1554;840;1565;840;1565;822
D;781;824;781;841;796;841;796;824
C;1042;824;1042;842;1055;842;1055;824
D;1229;824;1229;842;1241;842;1241;824
D;1275;824;1275;841;1289;841;1289;824
C;581;849;581;876;601;876;601;849
A;1067;850;1067;876;1089;876;1089;850
B;1165;851;1165;877;1173;877;1173;851
A;1342;851;1342;876;1347;876;1347;851
A;1490;856;1490;873;1494;873;1494;856
B;1555;857;1555;874;1568;874;1568;857
B;686;858;686;874;698;874;698;858
D;1399;858;1399;876;1413;876;1413;858
B;1537;858;1537;874;1550;874;1550;858
B;1009;859;1009;876;1023;876;1023;859
B;1228;859;1228;876;1241;876;1241;859
B;1302;885;1302;910;1307;910;1307;885
B;573;893;573;910;588;910;588;893
B;985;893;985;911;998;911;998;893
B;1285;893;1285;911;1297;911;1297;893
A;608;904;608;909;613;909;613;904
A;721;905;721;911;725;911;725;905
A;560;920;560;923;564;923;564;920
A;699;920;699;923;703;923;703;920
A;776;920;776;923;780;923;780;920
C;1072;920;1072;946;1091;946;1091;920
B;1097;921;1097;945;1110;945;1110;921
B;464;927;464;943;477;943;477;927
B;570;927;570;945;581;945;581;927
C;744;927;744;945;758;945;758;927
A;1585;927;1585;933;1590;933;1590;927
A;561;928;561;944;565;944;565;928
B;660;928;660;944;673;944;673;928
B;679;928;679;945;693;945;693;928
A;776;928;776;945;781;945;781;928
B;787;928;787;945;800;945;800;928
D;1238;928;1238;946;1253;946;1253;928
A;1472;928;1472;943;1476;943;1476;928
A;1352;938;1352;945;1358;945;1358;938
A;1417;940;1417;945;1421;945;1421;940
B;1318;954;1318;980;1332;980;1332;954
B;931;955;931;980;948;980;948;955
C;1077;955;1077;981;1097;981;1097;955
D;1102;956;1102;980;1115;980;1115;956
C;865;962;865;980;879;980;879;962
B;1540;962;1540;979;1552;979;1552;962
C;1557;962;1557;979;1569;979;1569;962
A;978;975;978;979;981;979;981;975
C;895;989;895;1015;914;1015;914;989
D;1371;989;1371;1015;1402;1015;1402;989
A;662;990;662;1014;665;1014;665;990
A;919;990;919;1015;923;1015;923;990
C;566;997;566;1014;580;1014;580;997
B;607;997;607;1014;619;1014;619;997
C;937;997;937;1015;950;1015;950;997
B;448;998;448;1012;461;1012;461;998
B;672;998;672;1015;685;1015;685;998
B;840;998;840;1015;853;1015;853;998
A;928;998;928;1015;932;1015;932;998
B;1088;998;1088;1015;1101;1015;1101;998
A;1106;998;1106;1015;1110;1015;1110;998
B;1223;998;1223;1015;1237;1015;1237;998
A;1351;1008;1351;1015;1356;1015;1356;1008
B;1041;1023;1041;1050;1061;1050;1061;1023
C;630;1025;630;1049;646;1049;646;1025
B;724;1032;724;1049;737;1049;737;1032
B;800;1032;800;1050;812;1050;812;1032
B;772;1033;772;1049;785;1049;785;1033
B;1170;1033;1170;1050;1182;1050;1182;1033
B;1187;1033;1187;1051;1199;1051;1199;1033
B;1258;1033;1258;1050;1271;1050;1271;1033
C;613;1034;613;1049;625;1049;625;1034
B;696;1059;696;1084;716;1084;716;1059
A;745;1060;745;1084;751;1084;751;1060
A;983;1060;983;1063;987;1063;987;1060
B;1044;1060;1044;1085;1058;1085;1058;1060
A;656;1065;656;1083;660;1083;660;1065
B;919;1066;919;1091;934;1091;934;1066
B;939;1066;939;1084;951;1084;951;1066
C;1551;1066;1551;1083;1565;1083;1565;1066
B;1384;1067;1384;1085;1398;1085;1398;1067
D;968;1068;968;1085;989;1085;989;1068
B;1147;1068;1147;1084;1161;1084;1161;1068
B;1240;1068;1240;1084;1254;1084;1254;1068
B;1195;1069;1195;1084;1207;1084;1207;1069
A;1232;1069;1232;1084;1235;1084;1235;1069
B;1285;1069;1285;1085;1298;1085;1298;1069
C;942;1093;942;1119;961;1119;961;1093
A;508;1094;508;1097;512;1097;512;1094
B;1211;1094;1211;1120;1231;1120;1231;1094
A;1259;1094;1259;1119;1265;1119;1265;1094
B;967;1095;967;1119;980;1119;980;1095
A;1270;1095;1270;1119;1276;1119;1276;1095
B;1282;1095;1282;1118;1288;1118;1288;1095
B;446;1101;446;1117;459;1117;459;1101
B;464;1101;464;1119;476;1119;476;1101
B;685;1102;685;1119;699;1119;699;1102
B;704;1102;704;1119;715;1119;715;1102
B;1083;1102;1083;1118;1095;1118;1095;1102
B;1175;1102;1175;1120;1186;1120;1186;1102
B;1419;1102;1419;1119;1432;1119;1432;1102
B;720;1103;720;1118;733;1118;733;1103
A;829;1103;829;1118;833;1118;833;1103
A;1074;1103;1074;1118;1078;1118;1078;1103
A;1147;1104;1147;1120;1151;1120;1151;1104
A;1156;1104;1156;1120;1160;1120;1160;1104
A;1295;1113;1295;1119;1300;1119;1300;1113
A;1191;1115;1191;1120;1197;1120;1197;1115
A;767;1125;767;1153;789;1153;789;1125
D;733;1127;733;1154;762;1154;762;1127
A;485;1129;485;1132;488;1132;488;1129
A;969;1129;969;1153;973;1153;973;1129
A;1076;1129;1076;1153;1083;1153;1083;1129
A;1460;1129;1460;1153;1464;1153;1464;1129
A;1142;1130;1142;1133;1144;1133;1144;1130
C;534;1135;534;1153;547;1153;547;1135
B;494;1136;494;1153;508;1153;508;1136
A;485;1137;485;1152;488;1152;488;1137
A;614;1137;614;1152;618;1152;618;1137
A;623;1137;623;1152;627;1152;627;1137
B;840;1137;840;1153;854;1153;854;1137
B;978;1137;978;1154;992;1154;992;1137
B;1441;1137;1441;1152;1454;1152;1454;1137
A;1030;1138;1030;1142;1035;1142;1035;1138
A;1030;1149;1030;1153;1035;1153;1035;1149
A;1515;1163;1515;1166;1518;1166;1518;1163
A;1370;1165;1370;1167;1372;1167;1372;1165
B;1379;1170;1379;1189;1391;1189;1391;1170
D;1496;1170;1496;1187;1510;1187;1510;1170
B;1594;1170;1594;1188;1606;1188;1606;1170
B;473;1171;473;1188;487;1188;487;1171
A;1515;1171;1515;1186;1519;1186;1519;1171
A;1371;1172;1371;1186;1373;1186;1373;1172
A;682;1183;682;1188;687;1188;687;1183
A;1585;1196;1585;1221;1592;1221;1592;1196
A;1137;1198;1137;1222;1140;1222;1140;1198
B;1395;1198;1395;1224;1414;1224;1414;1198
D;1211;1199;1211;1224;1226;1224;1226;1199
A;1202;1200;1202;1202;1204;1202;1204;1200
B;1608;1203;1608;1221;1621;1221;1621;1203
A;1156;1204;1156;1223;1163;1223;1163;1204
C;755;1205;755;1224;768;1224;768;1205
B;660;1206;660;1223;674;1223;674;1206
B;736;1206;736;1231;750;1231;750;1206
B;995;1206;995;1223;1009;1223;1009;1206
B;1231;1206;1231;1222;1243;1222;1243;1206
B;1249;1206;1249;1224;1260;1224;1260;1206
A;1066;1207;1066;1223;1070;1223;1070;1207
A;1075;1207;1075;1223;1079;1223;1079;1207
A;1147;1207;1147;1222;1150;1222;1150;1207
A;1202;1207;1202;1223;1206;1223;1206;1207
A;1457;1218;1457;1223;1461;1223;1461;1218
B;1092;1232;1092;1258;1111;1258;1111;1232
A;1141;1232;1141;1257;1147;1257;1147;1232
B;807;1241;807;1258;819;1258;819;1241
B;1009;1241;1009;1258;1023;1258;1023;1241
B;1317;1241;1317;1258;1330;1258;1330;1241
A;1308;1242;1308;1257;1312;1257;1312;1242
A;1071;1253;1071;1258;1076;1258;1076;1253
A;425;1266;425;1292;432;1292;432;1266
B;795;1267;795;1293;816;1293;816;1267
C;1125;1267;1125;1293;1145;1293;1145;1267
D;1567;1274;1567;1291;1580;1291;1580;1274
B;677;1275;677;1293;688;1293;688;1275
B;886;1275;886;1292;900;1292;900;1275
D;1382;1275;1382;1293;1396;1293;1396;1275
A;592;1276;592;1292;596;1292;596;1276
A;437;1287;437;1291;442;1291;442;1287
A;1511;1301;1511;1326;1517;1326;1517;1301
A;522;1303;522;1325;527;1325;527;1303
A;775;1303;775;1327;779;1327;779;1303
A;1115;1303;1115;1306;1116;1306;1116;1303
D;858;1311;858;1328;871;1328;871;1311
A;1114;1311;1114;1326;1117;1326;1117;1311
A;559;1321;559;1327;564;1327;564;1321
B;590;1337;590;1362;597;1362;597;1337
D;862;1345;862;1363;876;1363;876;1345
B;960;1345;960;1362;973;1362;973;1345
B;1013;1345;1013;1362;1027;1362;1027;1345
A;1032;1345;1032;1361;1035;1361;1035;1345
B;1041;1345;1041;1362;1055;1362;1055;1345
C;1166;1345;1166;1363;1180;1363;1180;1345
A;488;1358;488;1363;494;1363;494;1358
B;1411;1370;1411;1396;1429;1396;1429;1370
B;1326;1371;1326;1397;1345;1397;1345;1371
A;1023;1372;1023;1376;1027;1376;1027;1372
C;543;1379;543;1396;555;1396;555;1379
C;724;1379;724;1397;737;1397;737;1379
C;1069;1379;1069;1397;1082;1397;1082;1379
D;689;1380;689;1397;701;1397;701;1380
B;938;1380;938;1397;952;1397;952;1380
B;1032;1380;1032;1396;1046;1396;1046;1380
B;1051;1380;1051;1397;1064;1397;1064;1380
A;1023;1381;1023;1396;1027;1396;1027;1381
A;1293;1388;1293;1397;1298;1397;1298;1388
B;1419;1413;1419;1431;1432;1431;1432;1413
D;1455;1413;1455;1431;1470;1431;1470;1413
C;818;1414;818;1432;831;1432;831;1414
B;1236;1414;1236;1432;1248;1432;1248;1414
B;753;1416;753;1432;766;1432;766;1416
A;771;1416;771;1431;775;1431;775;1416
B;1475;1440;1475;1465;1490;1465;1490;1440
B;829;1441;829;1466;847;1466;847;1441
B;1550;1447;1550;1465;1561;1465;1561;1447
C;863;1449;863;1467;876;1467;876;1449
B;1053;1449;1053;1475;1067;1475;1067;1449
B;1135;1449;1135;1467;1147;1467;1147;1449
B;1458;1449;1458;1465;1470;1465;1470;1449
B;716;1450;716;1466;728;1466;728;1450
B;1564;1474;1564;1499;1579;1499;1579;1474
A;403;1475;403;1500;425;1500;425;1475
A;441;1476;441;1501;446;1501;446;1476
D;658;1476;658;1502;677;1502;677;1476
A;523;1477;523;1500;542;1500;542;1477
B;1602;1481;1602;1498;1616;1498;1616;1481
B;842;1484;842;1502;854;1502;854;1484
B;1424;1484;1424;1500;1437;1500;1437;1484
D;615;1485;615;1500;629;1500;629;1485
A;1416;1485;1416;1500;1419;1500;1419;1485
A;768;1495;768;1500;773;1500;773;1495
A;635;1496;635;1501;640;1501;640;1496
C;1236;1510;1236;1538;1256;1538;1256;1510
B;522;1511;522;1535;528;1535;528;1511
D;1194;1511;1194;1536;1212;1536;1212;1511
A;1354;1511;1354;1514;1357;1514;1357;1511
C;1580;1515;1580;1534;1593;1534;1593;1515
B;1479;1517;1479;1534;1492;1534;1492;1517
D;743;1519;743;1537;757;1537;757;1519
B;864;1519;864;1536;876;1536;876;1519
C;1177;1519;1177;1537;1189;1537;1189;1519
A;1159;1520;1159;1536;1163;1536;1163;1520
A;1168;1520;1168;1536;1172;1536;1172;1520
A;559;1531;559;1536;564;1536;564;1531
A;461;1547;461;1570;465;1570;465;1547
A;568;1551;568;1571;576;1571;576;1551
C;513;1552;513;1571;525;1571;525;1552
D;958;1552;958;1571;973;1571;973;1552
B;1377;1553;1377;1571;1391;1571;1391;1553
A;504;1554;504;1570;507;1570;507;1554
A;1470;1628;1470;1653;1476;1653;1476;1628
B;1494;1636;1494;1654;1507;1654;1507;1636
A;1513;1636;1513;1653;1517;1653;1517;1636
B;982;1637;982;1653;996;1653;996;1637
C;1150;1717;1150;1737;1161;1737;1161;1717
C;942;1718;942;1738;955;1738;955;1718
A;1270;1731;1270;1738;1277;1738;1277;1731
B;1277;1832;1277;1859;1286;1859;1286;1832
B;1291;1833;1291;1859;1298;1859;1298;1833
B;1575;1839;1575;1857;1589;1857;1589;1839
B;540;1842;540;1858;552;1858;552;1842
A;1253;1852;1253;1859;1259;1859;1259;1852
B;1309;1867;1309;1893;1328;1893;1328;1867
B;1286;1868;1286;1892;1293;1892;1293;1868
D;441;1869;441;1893;454;1893;454;1869
B;503;1869;503;1894;517;1894;517;1869
A;977;1869;977;1893;983;1893;983;1869
A;1299;1869;1299;1893;1303;1893;1303;1869
B;1392;1874;1392;1892;1406;1892;1406;1874
B;943;1876;943;1895;955;1895;955;1876
B;459;1877;459;1893;472;1893;472;1877
D;833;1877;833;1894;847;1894;847;1877
C;477;1903;477;1929;493;1929;493;1903
B;956;1903;956;1929;977;1929;977;1903
A;1000;1904;1000;1907;1003;1907;1003;1904
B;1290;1904;1290;1928;1298;1928;1298;1904
B;1570;1909;1570;1926;1583;1926;1583;1909
B;1588;1909;1588;1925;1602;1925;1602;1909
A;455;1910;455;1928;460;1928;460;1910
A;1001;1912;1001;1928;1004;1928;1004;1912
A;1158;1912;1158;1928;1162;1928;1162;1912
B;1065;1913;1065;1928;1079;1928;1079;1913
A;853;1923;853;1934;858;1934;858;1923
A;1331;1923;1331;1928;1337;1928;1337;1923
B;1403;1944;1403;1961;1417;1961;1417;1944
C;504;1946;504;1964;518;1964;518;1946
B;749;1947;749;1964;761;1964;761;1947
B;926;1947;926;1964;940;1964;940;1947
A;999;1957;999;1964;1004;1964;1004;1957
C;965;1972;965;1999;985;1999;985;1972
A;352;1979;352;1999;358;1999;358;1979
B;399;1981;399;1998;413;1998;413;1981
B;460;1981;460;1999;471;1999;471;1981
A;940;1983;940;1987;945;1987;945;1983
A;797;1992;797;1999;804;1999;804;1992
B;446;2008;446;2033;462;2033;462;2008
A;988;2008;988;2033;992;2033;992;2008
A;998;2009;998;2012;1000;2012;1000;2009
B;1049;2009;1049;2034;1063;2034;1063;2009
A;1257;2014;1257;2033;1265;2033;1265;2014
B;1295;2014;1295;2032;1309;2032;1309;2014
A;428;2016;428;2032;432;2032;432;2016
C;849;2016;849;2034;862;2034;862;2016
C;906;2016;906;2034;919;2034;919;2016
D;967;2016;967;2034;982;2034;982;2016
B;1068;2016;1068;2033;1081;2033;1081;2016
B;1086;2016;1086;2034;1098;2034;1098;2016
B;1236;2016;1236;2033;1250;2033;1250;2016
A;362;2017;362;2032;366;2032;366;2017
A;437;2017;437;2032;441;2032;441;2017
A;1499;2026;1499;2031;1505;2031;1505;2026
B;1495;2049;1495;2065;1509;2065;1509;2049
B;1353;2050;1353;2066;1365;2066;1365;2050
C;1106;2051;1106;2069;1121;2069;1121;2051
A;1546;2075;1546;2100;1552;2100;1552;2075
C;452;2076;452;2103;472;2103;472;2076
A;1280;2077;1280;2103;1285;2103;1285;2077
A;898;2079;898;2103;905;2103;905;2079
A;1205;2079;1205;2080;1205;2080;1205;2079
D;477;2080;477;2102;489;2102;489;2080
B;1586;2082;1586;2099;1598;2099;1598;2082
B;1603;2083;1603;2109;1617;2109;1617;2083
B;362;2085;362;2103;375;2103;375;2085
C;344;2086;344;2103;357;2103;357;2086
A;425;2086;425;2091;430;2091;430;2086
B;381;2087;381;2102;394;2102;394;2087
A;1214;2097;1214;2102;1218;2102;1218;2097
A;425;2098;425;2103;431;2103;431;2098
A;775;2113;775;2138;781;2138;781;2113
B;1569;2117;1569;2134;1584;2134;1584;2117
B;1150;2120;1150;2138;1165;2138;1165;2120
A;1198;2132;1198;2139;1205;2139;1205;2132
A;722;2133;722;2137;727;2137;727;2133
A;1258;2147;1258;2173;1262;2173;1262;2147
A;664;2153;664;2173;672;2173;672;2153
D;1451;2153;1451;2171;1464;2171;1464;2153
B;1267;2155;1267;2172;1279;2172;1279;2155
B;359;2156;359;2172;372;2172;372;2156
B;529;2156;529;2172;542;2172;542;2156
B;645;2156;645;2173;659;2173;659;2156
B;825;2156;825;2173;837;2173;837;2156
D;960;2156;960;2173;973;2173;973;2156
B;897;2157;897;2173;911;2173;911;2157
A;1579;2163;1579;2169;1586;2169;1586;2163
A;1583;2179;1583;2204;1606;2204;1606;2179
A;725;2183;725;2209;730;2209;730;2183
A;859;2183;859;2208;864;2208;864;2183
B;968;2183;968;2208;983;2208;983;2183
B;438;2191;438;2207;451;2207;451;2191
B;656;2191;656;2209;669;2209;669;2191
D;748;2191;748;2208;762;2208;762;2191
B;1005;2191;1005;2208;1019;2208;1019;2191
A;1397;2215;1397;2240;1402;2240;1402;2215
A;1323;2216;1323;2242;1346;2242;1346;2216
B;508;2225;508;2243;520;2243;520;2225
B;544;2225;544;2242;557;2242;557;2225
A;364;2226;364;2241;368;2241;368;2226
B;823;2226;823;2242;835;2242;835;2226
A;1408;2235;1408;2241;1414;2241;1414;2235
A;531;2252;531;2277;538;2277;538;2252
A;901;2253;901;2277;906;2277;906;2253
A;1308;2257;1308;2277;1316;2277;1316;2257
B;1518;2258;1518;2274;1531;2274;1531;2258
A;1022;2259;1022;2278;1029;2278;1029;2259
B;1182;2259;1182;2277;1196;2277;1196;2259
B;1289;2260;1289;2276;1302;2276;1302;2260
B;1003;2261;1003;2278;1016;2278;1016;2261
A;846;2272;846;2277;851;2277;851;2272
C;1205;2285;1205;2312;1224;2312;1224;2285
B;1229;2287;1229;2313;1243;2313;1243;2287
D;1097;2288;1097;2313;1111;2313;1111;2288
B;1582;2291;1582;2308;1595;2308;1595;2291
A;602;2293;602;2312;610;2312;610;2293
B;1495;2293;1495;2310;1508;2310;1508;2293
B;1319;2294;1319;2312;1330;2312;1330;2294
A;360;2295;360;2313;372;2313;372;2295
B;844;2295;844;2312;858;2312;858;2295
A;409;2296;409;2310;412;2310;412;2296
A;417;2296;417;2311;421;2311;421;2296
A;916;2296;916;2301;920;2301;920;2296
A;961;2296;961;2312;965;2312;965;2296
A;530;2302;530;2302;531;2302;531;2302
D;888;2321;888;2348;936;2348;936;2321
B;941;2323;941;2348;948;2348;948;2323
A;1020;2323;1020;2326;1022;2326;1022;2323
B;1404;2329;1404;2346;1417;2346;1417;2329
B;673;2330;673;2348;686;2348;686;2330
A;628;2331;628;2347;632;2347;632;2331
B;637;2331;637;2346;651;2346;651;2331
A;748;2331;748;2348;761;2348;761;2331
C;766;2331;766;2348;778;2348;778;2331
A;1020;2331;1020;2347;1023;2347;1023;2331
B;1083;2331;1083;2346;1097;2346;1097;2331
A;362;2332;362;2347;366;2347;366;2332
A;817;2332;817;2347;821;2347;821;2332
A;826;2332;826;2348;830;2348;830;2332
A;954;2342;954;2348;959;2348;959;2342
A;1541;2353;1541;2378;1548;2378;1548;2353
A;403;2356;403;2381;407;2381;407;2356
A;1161;2356;1161;2383;1181;2383;1181;2356
A;1189;2356;1189;2381;1209;2381;1209;2356
B;1214;2356;1214;2382;1231;2382;1231;2356
A;1236;2356;1236;2382;1243;2382;1243;2356
B;865;2357;865;2382;881;2382;881;2357
A;723;2359;723;2383;727;2383;727;2359
B;1522;2362;1522;2378;1536;2378;1536;2362
B;1084;2364;1084;2381;1097;2381;1097;2364
B;746;2365;746;2382;758;2382;758;2365
D;887;2365;887;2382;901;2382;901;2365
A;717;2392;717;2396;721;2396;721;2392
B;737;2392;737;2417;759;2417;759;2392
A;1229;2393;1229;2417;1235;2417;1235;2393
A;997;2396;997;2416;1003;2416;1003;2396
A;781;2397;781;2417;789;2417;789;2397
B;1416;2397;1416;2414;1428;2414;1428;2397
B;1397;2398;1397;2415;1411;2415;1411;2398
B;1433;2398;1433;2415;1447;2415;1447;2398
B;1121;2399;1121;2416;1134;2416;1134;2399
B;1268;2399;1268;2424;1283;2424;1283;2399
A;1388;2399;1388;2415;1392;2415;1392;2399
B;328;2400;328;2417;341;2417;341;2400
B;764;2400;764;2417;776;2417;776;2400
B;978;2400;978;2416;992;2416;992;2400
B;1327;2400;1327;2416;1339;2416;1339;2400
A;572;2401;572;2416;576;2416;576;2401
A;581;2401;581;2417;585;2417;585;2401
A;718;2401;718;2417;722;2417;722;2401
A;1112;2401;1112;2416;1116;2416;1116;2401
B;1138;2425;1138;2451;1145;2451;1145;2425
A;1022;2426;1022;2451;1027;2451;1027;2426
D;1064;2426;1064;2451;1110;2451;1110;2426
D;1177;2426;1177;2452;1196;2452;1196;2426
B;1483;2432;1483;2457;1497;2457;1497;2432
A;1303;2434;1303;2451;1307;2451;1307;2434
B;1312;2434;1312;2451;1327;2451;1327;2434
C;1332;2434;1332;2452;1346;2452;1346;2434
B;317;2435;317;2451;330;2451;330;2435
A;308;2436;308;2451;312;2451;312;2436
A;789;2447;789;2452;794;2452;794;2447
A;1554;2458;1554;2483;1560;2483;1560;2458
A;1389;2459;1389;2485;1408;2485;1408;2459
B;295;2460;295;2486;314;2486;314;2460
A;1441;2460;1441;2484;1445;2484;1445;2460
B;404;2461;404;2487;424;2487;424;2461
B;784;2461;784;2487;803;2487;803;2461
A;808;2462;808;2487;813;2487;813;2462
B;1586;2465;1586;2484;1598;2484;1598;2465
D;1024;2469;1024;2487;1039;2487;1039;2469
A;319;2481;319;2486;325;2486;325;2481
A;1489;2494;1489;2519;1509;2519;1509;2494
D;1308;2495;1308;2521;1353;2521;1353;2495
A;680;2497;680;2500;684;2500;684;2497
A;770;2498;770;2522;774;2522;774;2498
C;412;2503;412;2520;426;2520;426;2503
B;642;2504;642;2521;654;2521;654;2504
B;660;2505;660;2522;675;2522;675;2505
A;680;2505;680;2522;684;2522;684;2505
B;690;2505;690;2521;703;2521;703;2505
A;1359;2515;1359;2520;1365;2520;1365;2515
B;286;2540;286;2556;299;2556;299;2540
B;750;2540;750;2557;763;2557;763;2540
A;768;2543;768;2557;773;2557;773;2543
A;348;2552;348;2562;355;2562;355;2552
A;1514;2569;1514;2571;1514;2571;1514;2569
A;586;2579;586;2604;606;2604;606;2579
B;612;2587;612;2603;624;2603;624;2587
B;1207;2623;1207;2649;1222;2649;1222;2623
A;823;2624;823;2651;840;2651;840;2624
B;967;2624;967;2650;989;2650;989;2624
A;1289;2624;1289;2649;1295;2649;1295;2624
A;284;2625;284;2650;289;2650;289;2625
A;349;2626;349;2650;369;2650;369;2626
A;294;2630;294;2649;302;2649;302;2630
B;1246;2631;1246;2649;1259;2649;1259;2631
B;418;2632;418;2649;432;2649;432;2632
B;1228;2632;1228;2649;1241;2649;1241;2632
A;1219;2633;1219;2650;1223;2650;1223;2633
A;1378;2633;1378;2648;1381;2648;1381;2633
D;781;2707;781;2737;806;2737;806;2707
B;912;2708;912;2737;939;2737;939;2708
B;452;2822;452;2849;467;2849;467;2822
A;404;2823;404;2827;409;2827;409;2823
D;930;2823;930;2849;949;2849;949;2823
B;1581;2824;1581;2841;1594;2841;1594;2824
C;1599;2825;1599;2843;1611;2843;1611;2825
B;1496;2826;1496;2842;1509;2842;1509;2826
B;1372;2828;1372;2845;1385;2845;1385;2828
D;1205;2829;1205;2847;1219;2847;1219;2829
D;1224;2829;1224;2847;1238;2847;1238;2829
B;344;2830;344;2847;358;2847;358;2830
B;416;2831;416;2847;430;2847;430;2831
B;1036;2831;1036;2848;1048;2848;1048;2831
A;405;2832;405;2847;409;2847;409;2832
B;566;2832;566;2847;580;2847;580;2832
B;754;2832;754;2849;767;2849;767;2832
A;856;2844;856;2849;861;2849;861;2844
A;1608;2853;1608;2855;1610;2855;1610;2853
A;735;2860;735;2863;737;2863;737;2860
A;956;2860;956;2863;959;2863;959;2860
C;1518;2860;1518;2880;1532;2880;1532;2860
A;1537;2860;1537;2879;1551;2879;1551;2860
A;1607;2860;1607;2878;1611;2878;1611;2860
B;893;2867;893;2893;907;2893;907;2867
B;921;2867;921;2886;935;2886;935;2867
B;623;2868;623;2885;636;2885;636;2868
A;734;2868;734;2885;738;2885;738;2868
C;764;2868;764;2886;776;2886;776;2868
A;838;2868;838;2885;842;2885;842;2868
B;847;2868;847;2885;859;2885;859;2868
C;703;2870;703;2884;713;2884;713;2870
A;484;2879;484;2884;488;2884;488;2879
